<fsm start='INIT' inputDecoding='UTF-8' outputEncoding='UTF-8'>
<e> <s>INIT</s> <in>\u0905</in> <out>a</out></e>
<e> <s>INIT</s> <in>\u0906</in> <out>A</out></e>
<e> <s>INIT</s> <in>\u0907</in> <out>i</out></e>
<e> <s>INIT</s> <in>\u0908</in> <out>I</out></e>
<e> <s>INIT</s> <in>\u0909</in> <out>u</out></e>
<e> <s>INIT</s> <in>\u090a</in> <out>U</out></e>
<e> <s>INIT</s> <in>\u090b</in> <out>f</out></e>
<e> <s>INIT</s> <in>\u0960</in> <out>F</out></e>
<e> <s>INIT</s> <in>\u090c</in> <out>x</out></e>
<e> <s>INIT</s> <in>\u0961</in> <out>X</out></e>
<e> <s>INIT</s> <in>\u090f</in> <out>e</out></e>
<e> <s>INIT</s> <in>\u0910</in> <out>E</out></e>
<e> <s>INIT</s> <in>\u0913</in> <out>o</out></e>
<e> <s>INIT</s> <in>\u0914</in> <out>O</out></e>
<e> <s>INIT</s> <in>\u0905\u0951</in> <out>^a</out></e>
<e> <s>INIT</s> <in>\u0906\u0951</in> <out>^A</out></e>
<e> <s>INIT</s> <in>\u0907\u0951</in> <out>^i</out></e>
<e> <s>INIT</s> <in>\u0908\u0951</in> <out>^I</out></e>
<e> <s>INIT</s> <in>\u0909\u0951</in> <out>^u</out></e>
<e> <s>INIT</s> <in>\u090a\u0951</in> <out>^U</out></e>
<e> <s>INIT</s> <in>\u090b\u0951</in> <out>^f</out></e>
<e> <s>INIT</s> <in>\u0960\u0951</in> <out>^F</out></e>
<e> <s>INIT</s> <in>\u090c\u0951</in> <out>^x</out></e>
<e> <s>INIT</s> <in>\u0961\u0951</in> <out>^X</out></e>
<e> <s>INIT</s> <in>\u090f\u0951</in> <out>^e</out></e>
<e> <s>INIT</s> <in>\u0910\u0951</in> <out>^E</out></e>
<e> <s>INIT</s> <in>\u0913\u0951</in> <out>^o</out></e>
<e> <s>INIT</s> <in>\u0914\u0951</in> <out>^O</out></e>
<e> <s>INIT</s> <in>\u0905\u0952</in> <out>\a</out></e>
<e> <s>INIT</s> <in>\u0906\u0952</in> <out>\A</out></e>
<e> <s>INIT</s> <in>\u0907\u0952</in> <out>\i</out></e>
<e> <s>INIT</s> <in>\u0908\u0952</in> <out>\I</out></e>
<e> <s>INIT</s> <in>\u0909\u0952</in> <out>\u</out></e>
<e> <s>INIT</s> <in>\u090a\u0952</in> <out>\U</out></e>
<e> <s>INIT</s> <in>\u090b\u0952</in> <out>\f</out></e>
<e> <s>INIT</s> <in>\u0960\u0952</in> <out>\F</out></e>
<e> <s>INIT</s> <in>\u090c\u0952</in> <out>\x</out></e>
<e> <s>INIT</s> <in>\u0961\u0952</in> <out>\X</out></e>
<e> <s>INIT</s> <in>\u090f\u0952</in> <out>\e</out></e>
<e> <s>INIT</s> <in>\u0910\u0952</in> <out>\E</out></e>
<e> <s>INIT</s> <in>\u0913\u0952</in> <out>\o</out></e>
<e> <s>INIT</s> <in>\u0914\u0952</in> <out>\O</out></e>
<e> <s>INIT</s> <in></in> <out>a</out></e>
<e> <s>INIT</s> <in>\u093e</in> <out>A</out></e>
<e> <s>INIT</s> <in>\u093f</in> <out>i</out></e>
<e> <s>INIT</s> <in>\u0940</in> <out>I</out></e>
<e> <s>INIT</s> <in>\u0941</in> <out>u</out></e>
<e> <s>INIT</s> <in>\u0942</in> <out>U</out></e>
<e> <s>INIT</s> <in>\u0943</in> <out>f</out></e>
<e> <s>INIT</s> <in>\u0944</in> <out>F</out></e>
<e> <s>INIT</s> <in>\u0962</in> <out>x</out></e>
<e> <s>INIT</s> <in>\u0963</in> <out>X</out></e>
<e> <s>INIT</s> <in>\u0947</in> <out>e</out></e>
<e> <s>INIT</s> <in>\u0948</in> <out>E</out></e>
<e> <s>INIT</s> <in>\u094b</in> <out>o</out></e>
<e> <s>INIT</s> <in>\u094c</in> <out>O</out></e>
<e> <s>INIT</s> <in>\u0951</in> <out>^a</out></e>
<e> <s>INIT</s> <in>\u093e\u0951</in> <out>^A</out></e>
<e> <s>INIT</s> <in>\u093f\u0951</in> <out>^i</out></e>
<e> <s>INIT</s> <in>\u0940\u0951</in> <out>^I</out></e>
<e> <s>INIT</s> <in>\u0941\u0951</in> <out>^u</out></e>
<e> <s>INIT</s> <in>\u0942\u0951</in> <out>^U</out></e>
<e> <s>INIT</s> <in>\u0943\u0951</in> <out>^f</out></e>
<e> <s>INIT</s> <in>\u0944\u0951</in> <out>^F</out></e>
<e> <s>INIT</s> <in>\u0962\u0951</in> <out>^x</out></e>
<e> <s>INIT</s> <in>\u0963\u0951</in> <out>^X</out></e>
<e> <s>INIT</s> <in>\u0947\u0951</in> <out>^e</out></e>
<e> <s>INIT</s> <in>\u0948\u0951</in> <out>^E</out></e>
<e> <s>INIT</s> <in>\u094b\u0951</in> <out>^o</out></e>
<e> <s>INIT</s> <in>\u094c\u0951</in> <out>^O</out></e>
<e> <s>INIT</s> <in>\u0952</in> <out>\a</out></e>
<e> <s>INIT</s> <in>\u093e\u0952</in> <out>\A</out></e>
<e> <s>INIT</s> <in>\u093f\u0952</in> <out>\i</out></e>
<e> <s>INIT</s> <in>\u0940\u0952</in> <out>\I</out></e>
<e> <s>INIT</s> <in>\u0941\u0952</in> <out>\u</out></e>
<e> <s>INIT</s> <in>\u0942\u0952</in> <out>\U</out></e>
<e> <s>INIT</s> <in>\u0943\u0952</in> <out>\f</out></e>
<e> <s>INIT</s> <in>\u0944\u0952</in> <out>\F</out></e>
<e> <s>INIT</s> <in>\u0962\u0952</in> <out>\x</out></e>
<e> <s>INIT</s> <in>\u0963\u0952</in> <out>\X</out></e>
<e> <s>INIT</s> <in>\u0947\u0952</in> <out>\e</out></e>
<e> <s>INIT</s> <in>\u0948\u0952</in> <out>\E</out></e>
<e> <s>INIT</s> <in>\u094b\u0952</in> <out>\o</out></e>
<e> <s>INIT</s> <in>\u094c\u0952</in> <out>\O</out></e>
<!-- virama outputs empty string -->
<e> <s>INIT</s> <in>\u094d</in> <out></out></e>
<!-- if a consonant is **not** followed by a vowel sign or a virama, then include schwa  Note: the /^ implies the check (by hard-coding) in transcoder.php-->
<e> <s>INIT</s> <in>\u0915/^</in> <out>ka</out></e>
<e> <s>INIT</s> <in>\u0916/^</in> <out>Ka</out></e>
<e> <s>INIT</s> <in>\u0917/^</in> <out>ga</out></e>
<e> <s>INIT</s> <in>\u0918/^</in> <out>Ga</out></e>
<e> <s>INIT</s> <in>\u0919/^</in> <out>Na</out></e>
<e> <s>INIT</s> <in>\u091a/^</in> <out>ca</out></e>
<e> <s>INIT</s> <in>\u091b/^</in> <out>Ca</out></e>
<e> <s>INIT</s> <in>\u091c/^</in> <out>ja</out></e>
<e> <s>INIT</s> <in>\u091d/^</in> <out>Ja</out></e>
<e> <s>INIT</s> <in>\u091e/^</in> <out>Ya</out></e>
<e> <s>INIT</s> <in>\u091f/^</in> <out>wa</out></e>
<e> <s>INIT</s> <in>\u0920/^</in> <out>Wa</out></e>
<e> <s>INIT</s> <in>\u0921/^</in> <out>qa</out></e>
<e> <s>INIT</s> <in>\u0922/^</in> <out>Qa</out></e>
<e> <s>INIT</s> <in>\u0923/^</in> <out>Ra</out></e>
<e> <s>INIT</s> <in>\u0924/^</in> <out>ta</out></e>
<e> <s>INIT</s> <in>\u0925/^</in> <out>Ta</out></e>
<e> <s>INIT</s> <in>\u0926/^</in> <out>da</out></e>
<e> <s>INIT</s> <in>\u0927/^</in> <out>Da</out></e>
<e> <s>INIT</s> <in>\u0928/^</in> <out>na</out></e>
<e> <s>INIT</s> <in>\u092a/^</in> <out>pa</out></e>
<e> <s>INIT</s> <in>\u092b/^</in> <out>Pa</out></e>
<e> <s>INIT</s> <in>\u092c/^</in> <out>ba</out></e>
<e> <s>INIT</s> <in>\u092d/^</in> <out>Ba</out></e>
<e> <s>INIT</s> <in>\u092e/^</in> <out>ma</out></e>
<e> <s>INIT</s> <in>\u092f/^</in> <out>ya</out></e>
<e> <s>INIT</s> <in>\u0930/^</in> <out>ra</out></e>
<e> <s>INIT</s> <in>\u0932/^</in> <out>la</out></e>
<e> <s>INIT</s> <in>\u0933/^</in> <out>La</out></e>
<e> <s>INIT</s> <in>\u0933\u094d\u0939/^</in> <out>|a</out></e>
<e> <s>INIT</s> <in>\u0935/^</in> <out>va</out></e>
<e> <s>INIT</s> <in>\u0936/^</in> <out>Sa</out></e>
<e> <s>INIT</s> <in>\u0937/^</in> <out>za</out></e>
<e> <s>INIT</s> <in>\u0938/^</in> <out>sa</out></e>
<e> <s>INIT</s> <in>\u0939/^</in> <out>ha</out></e>

<!-- If a consonent is followed by something else, then just output the consonent with no schwa. The vowel will be added next-->

<e> <s>INIT</s> <in>\u0915</in> <out>k</out></e>
<e> <s>INIT</s> <in>\u0916</in> <out>K</out></e>
<e> <s>INIT</s> <in>\u0917</in> <out>g</out></e>
<e> <s>INIT</s> <in>\u0918</in> <out>G</out></e>
<e> <s>INIT</s> <in>\u0919</in> <out>N</out></e>
<e> <s>INIT</s> <in>\u091a</in> <out>c</out></e>
<e> <s>INIT</s> <in>\u091b</in> <out>C</out></e>
<e> <s>INIT</s> <in>\u091c</in> <out>j</out></e>
<e> <s>INIT</s> <in>\u091d</in> <out>J</out></e>
<e> <s>INIT</s> <in>\u091e</in> <out>Y</out></e>
<e> <s>INIT</s> <in>\u091f</in> <out>w</out></e>
<e> <s>INIT</s> <in>\u0920</in> <out>W</out></e>
<e> <s>INIT</s> <in>\u0921</in> <out>q</out></e>
<e> <s>INIT</s> <in>\u0922</in> <out>Q</out></e>
<e> <s>INIT</s> <in>\u0923</in> <out>R</out></e>
<e> <s>INIT</s> <in>\u0924</in> <out>t</out></e>
<e> <s>INIT</s> <in>\u0925</in> <out>T</out></e>
<e> <s>INIT</s> <in>\u0926</in> <out>d</out></e>
<e> <s>INIT</s> <in>\u0927</in> <out>D</out></e>
<e> <s>INIT</s> <in>\u0928</in> <out>n</out></e>
<e> <s>INIT</s> <in>\u092a</in> <out>p</out></e>
<e> <s>INIT</s> <in>\u092b</in> <out>P</out></e>
<e> <s>INIT</s> <in>\u092c</in> <out>b</out></e>
<e> <s>INIT</s> <in>\u092d</in> <out>B</out></e>
<e> <s>INIT</s> <in>\u092e</in> <out>m</out></e>
<e> <s>INIT</s> <in>\u092f</in> <out>y</out></e>
<e> <s>INIT</s> <in>\u0930</in> <out>r</out></e>
<e> <s>INIT</s> <in>\u0932</in> <out>l</out></e>
<e> <s>INIT</s> <in>\u0933</in> <out>L</out></e>
<e> <s>INIT</s> <in>\u0933\u094d\u0939</in> <out>|</out></e>
<e> <s>INIT</s> <in>\u0935</in> <out>v</out></e>
<e> <s>INIT</s> <in>\u0936</in> <out>S</out></e>
<e> <s>INIT</s> <in>\u0937</in> <out>z</out></e>
<e> <s>INIT</s> <in>\u0938</in> <out>s</out></e>
<e> <s>INIT</s> <in>\u0939</in> <out>h</out></e>
<e> <s>INIT</s> <in>\u0902</in> <out>M</out></e>
<e> <s>INIT</s> <in>\u0903</in> <out>H</out></e>
<e> <s>INIT</s> <in>\u093d</in> <out>'</out></e>
<e> <s>INIT</s> <in>\u0964</in> <out>.</out></e>
<e> <s>INIT</s> <in>\u0965</in> <out>..</out></e>
<e> <s>INIT</s> <in>\u0966</in> <out>0</out></e>
<e> <s>INIT</s> <in>\u0967</in> <out>1</out></e>
<e> <s>INIT</s> <in>\u0968</in> <out>2</out></e>
<e> <s>INIT</s> <in>\u0969</in> <out>3</out></e>
<e> <s>INIT</s> <in>\u096a</in> <out>4</out></e>
<e> <s>INIT</s> <in>\u096b</in> <out>5</out></e>
<e> <s>INIT</s> <in>\u096c</in> <out>6</out></e>
<e> <s>INIT</s> <in>\u096d</in> <out>7</out></e>
<e> <s>INIT</s> <in>\u096e</in> <out>8</out></e>
<e> <s>INIT</s> <in>\u096f</in> <out>9</out></e>
<e> <s>INIT</s> <in>\u0901</in> <out>~</out></e>
<e> <s>INIT</s> <in>\u0950</in> <out>o~</out></e>

</fsm>